City_ID,City,Lat,Lng,Max Temp,Humidity,Cloudiness,Wind Speed,Country,Date
0,zarah sharan,33.1467,68.7917,35.1,43,0,0.76,AF,1732663498
1,port-aux-francais,-49.35,70.2167,38.05,74,71,32.44,TF,1732663498
2,grytviken,-54.2811,-36.5092,32.86,96,100,11.14,GS,1732663498
3,waitangi,-43.9535,-176.5597,54.03,77,100,16.4,NZ,1732663392
4,bilibino,68.0546,166.4372,-24.21,94,6,4.14,RU,1732663498
5,soio,-6.1349,12.3689,76.75,89,100,6.17,AO,1732663498
6,constantia,44.1833,28.65,38.08,66,52,6.22,RO,1732663498
7,saint-louis,16.3333,-15.0,81.9,12,1,8.77,SN,1732663498
8,ancud,-41.8697,-73.8203,53.51,75,9,7.27,CL,1732663499
9,ilulissat,69.2167,-51.1,14.02,67,100,6.91,GL,1732663499
10,horsham,51.064,-0.3272,44.87,85,75,6.91,GB,1732663499
11,papatowai,-46.5619,169.4708,53.85,87,100,7.29,NZ,1732663499
12,zhosaly,45.4878,64.0781,35.55,66,0,7.87,KZ,1732663499
13,puerto natales,-51.7236,-72.4875,58.42,55,51,7.23,CL,1732663499
14,ribeira grande,38.5167,-28.7,67.77,93,100,23.0,PT,1732663499
15,margaret river,-33.95,115.0667,55.89,66,16,6.6,AU,1732663500
16,reggane,26.7158,0.1714,69.15,27,6,11.5,DZ,1732663500
17,badger,64.8,-147.5333,10.27,82,100,4.61,US,1732663500
18,princeville,45.7668,-61.2985,42.31,97,100,0.0,CA,1732663500
19,concepcion del oro,24.6333,-101.4167,70.34,21,18,4.05,MX,1732663500
20,laguna,38.421,-121.4238,62.11,67,75,6.91,US,1732663500
21,lagunas,-5.2269,-75.6753,81.46,71,80,2.28,PE,1732663500
22,blackmans bay,-43.0167,147.3167,66.72,85,100,1.99,AU,1732663500
23,port elizabeth,-33.918,25.5701,64.69,85,0,27.63,ZA,1732663500
24,ayorou,14.7308,0.9174,75.72,18,100,9.44,NE,1732663500
25,ambon,-3.6954,128.1814,87.89,100,40,4.61,ID,1732663501
26,kuraymah,18.55,31.85,58.6,36,39,11.72,SD,1732663501
27,tolanaro,-25.0319,46.9987,78.87,69,20,20.71,MG,1732663501
28,anapa,44.8908,37.3239,37.74,93,75,13.42,RU,1732663501
29,darwin,-12.4611,130.8418,87.94,78,40,5.75,AU,1732663324
30,ebon,4.582,168.6964,83.19,77,90,18.48,MH,1732663501
31,sitka,57.0531,-135.33,40.89,93,75,8.05,US,1732663353
32,iskateley,67.6803,53.1512,36.48,99,100,24.47,RU,1732663501
33,alice springs,-23.7,133.8833,74.75,64,30,8.05,AU,1732663501
34,adamstown,-25.066,-130.1015,72.73,82,79,19.89,PN,1732663501
35,tual,-5.6667,132.75,84.36,71,37,3.85,ID,1732663502
36,atafu village,-8.5421,-172.5159,83.91,70,30,17.96,TK,1732663502
37,lensk,60.7253,114.9278,4.84,90,100,9.95,RU,1732663502
38,san antonio de pale,-1.4014,5.6325,78.82,82,97,8.97,GQ,1732663502
39,namtsy,62.7161,129.6658,-27.62,100,68,1.7,RU,1732663502
40,vorgashor,67.5833,63.95,32.85,98,100,23.44,RU,1732663502
41,hasaki,35.7333,140.8333,62.28,92,99,10.63,JP,1732663502
42,yonggang-up,38.8561,125.4244,31.75,64,100,22.79,KP,1732663502
43,olonkinbyen,70.9221,-8.7187,22.6,62,100,11.5,SJ,1732663502
44,palpa,-14.5336,-75.1856,74.71,53,61,6.6,PE,1732663502
45,albany,42.6001,-73.9662,41.92,70,77,1.01,US,1732663502
46,urzhar,47.093,81.6294,26.13,60,2,8.14,KZ,1732663502
47,port mathurin,-19.6833,63.4167,76.08,78,75,22.86,MU,1732663563
48,greymouth,-42.4667,171.2,58.28,77,100,2.84,NZ,1732663563
49,aransas pass,27.9095,-97.15,68.02,69,0,8.05,US,1732663563
50,lakeway,30.3638,-97.9796,64.54,54,100,3.44,US,1732663563
51,bonthe,7.5264,-12.505,78.98,82,58,8.37,SL,1732663563
52,santiago de cao,-7.9589,-79.2392,64.53,88,20,8.05,PE,1732663563
53,port alfred,-33.5906,26.891,63.18,85,100,17.36,ZA,1732663563
54,kodiak,57.79,-152.4072,36.91,65,0,3.44,US,1732663563
55,caister-on-sea,52.6481,1.7265,42.06,81,85,3.69,GB,1732663563
56,edinburgh of the seven seas,-37.0676,-12.3116,62.69,95,100,26.04,SH,1732663563
57,lihue,21.9789,-159.3672,81.73,68,0,14.97,US,1732663563
58,ghanzi,-21.5667,21.7833,76.06,48,17,9.37,BW,1732663564
59,yellowknife,62.456,-114.3525,12.72,79,100,18.41,CA,1732663564
60,suntar,62.1444,117.6319,-7.13,96,37,7.0,RU,1732663564
61,jamestown,42.097,-79.2353,37.04,82,0,6.91,US,1732663564
62,haiku-pauwela,20.9219,-156.3051,82.17,66,20,9.22,US,1732663564
63,yenagoa,4.9247,6.2642,77.22,88,71,4.63,NG,1732663564
64,nogliki,51.8333,143.1667,29.68,81,100,18.95,RU,1732663564
65,swakopmund,-22.6833,14.5333,57.97,82,87,5.99,NA,1732663564
66,tiksi,71.6872,128.8694,0.32,76,99,26.57,RU,1732663564
67,tazovsky,67.4667,78.7,26.31,93,100,15.17,RU,1732663564
68,nikolayevsk-on-amure,53.1406,140.73,20.64,97,100,6.02,RU,1732663564
69,porto torres,40.835,8.3972,50.18,81,15,5.26,IT,1732663564
70,thompson,55.7435,-97.8558,15.96,92,100,2.3,CA,1732663565
71,georgetown,5.4112,100.3354,76.95,88,40,5.75,MY,1732663347
72,bredasdorp,-34.5322,20.0403,59.92,69,87,15.08,ZA,1732663565
73,banes,20.9625,-75.7186,73.72,93,100,6.55,CU,1732663565
74,tromso,69.6496,18.957,32.02,64,75,26.46,NO,1732663299
75,saipan,15.1355,145.701,88.5,77,40,20.71,MP,1732663565
76,ugoofaaru,5.6667,73.0,81.19,77,93,9.6,MV,1732663565
77,garissa,-0.4536,39.6401,80.51,77,97,10.11,KE,1732663565
78,mata-utu,-13.2816,-176.1745,82.2,74,21,13.35,WF,1732663565
79,zhangye,38.9342,100.4517,17.55,65,0,3.98,CN,1732663565
80,talnakh,69.4865,88.3972,28.4,93,100,16.71,RU,1732663565
81,coahuayana de hidalgo,18.7,-103.6583,82.72,67,41,4.72,MX,1732663566
82,ambovombe,-25.1667,46.0833,76.03,79,95,1.32,MG,1732663566
83,joshua,32.4615,-97.3881,59.95,50,0,6.91,US,1732663296
84,usogorsk,63.4106,48.6872,36.39,97,100,11.27,RU,1732663566
85,namibe,-15.1961,12.1522,68.7,77,64,7.05,AO,1732663566
86,anadyr,64.75,177.4833,23.5,74,100,15.66,RU,1732663566
87,crane,31.3974,-102.3501,67.1,35,0,11.43,US,1732663566
88,kirov,58.5966,49.6601,25.11,92,30,6.44,RU,1732663320
89,yondo,7.0062,-73.9097,86.49,74,20,3.44,CO,1732663566
90,coracora,-15.0333,-73.7833,55.56,65,81,1.97,PE,1732663566
91,taguatinga,-12.3857,-46.5711,76.32,79,100,4.56,BR,1732663566
92,bethel,41.3712,-73.414,49.95,69,47,1.01,US,1732663268
93,invercargill,-46.4,168.35,62.02,81,100,5.01,NZ,1732663567
94,kununurra,-15.7667,128.7333,76.98,94,75,6.91,AU,1732663567
95,kone,-21.0595,164.8658,88.05,58,100,7.38,NC,1732663322
96,kyren,51.6828,102.1408,14.27,88,89,1.83,RU,1732663567
97,pisco,-13.7,-76.2167,68.05,83,0,17.27,PE,1732663627
98,bazarnyye mataki,54.8833,49.9333,28.96,65,3,4.12,RU,1732663627
99,udachny,66.4167,112.4,6.22,97,100,10.29,RU,1732663627
100,aasiaat,68.7098,-52.8699,11.07,75,51,9.82,GL,1732663627
101,chita,52.0333,113.55,-18.51,69,51,2.24,RU,1732663627
102,port-vila,-17.7338,168.3219,83.8,89,100,8.05,VU,1732663627
103,carolina,18.3808,-65.9574,82.29,79,40,12.66,PR,1732663550
104,stanley,54.868,-1.6985,28.42,100,40,0.0,GB,1732663628
105,hamilton,39.1834,-84.5333,43.41,67,0,1.01,US,1732663616
106,pontianak,-0.0333,109.3333,75.18,100,100,3.44,ID,1732663628
107,pacific grove,36.6177,-121.9166,57.42,88,75,7.0,US,1732663628
108,college,64.8569,-147.8028,10.35,72,100,4.61,US,1732663628
109,fuglafjordur,62.244,-6.814,39.9,79,83,13.69,FO,1732663628
110,puerto baquerizo moreno,-0.9,-89.6,71.62,76,23,12.21,EC,1732663344
111,gulf breeze,30.3571,-87.1639,70.02,89,75,11.5,US,1732663556
112,lucapa,-8.4192,20.7447,66.18,98,100,6.73,AO,1732663629
113,arraial do cabo,-22.9661,-42.0278,73.36,68,0,11.5,BR,1732663629
114,fengxiang,47.5833,130.8333,22.75,95,96,11.99,CN,1732663629
115,afaahiti,-17.75,-149.2833,77.95,81,89,13.62,PF,1732663629
116,labuan bajo,-8.4964,119.8877,82.31,79,78,4.41,ID,1732663629
117,fortuna,40.5982,-124.1573,54.93,74,40,8.05,US,1732663629
118,isafjordur,66.0755,-23.124,35.04,86,100,11.5,IS,1732663629
119,ust-nera,64.5667,143.2,-22.79,98,66,3.58,RU,1732663629
120,stabat,3.761,98.4513,73.18,99,100,5.14,ID,1732663630
121,chinacota,7.6073,-72.6011,66.25,94,84,2.06,CO,1732663630
122,la passe,45.5549,-0.8967,50.18,84,15,10.47,FR,1732663630
123,puerto ayora,-0.7393,-90.3518,72.55,90,55,8.01,EC,1732663630
124,horta,38.5333,-28.6333,67.01,93,99,23.0,PT,1732663630
125,iqaluit,63.7506,-68.5145,11.93,62,100,6.91,CA,1732663630
126,karlskrona,56.1616,15.5866,45.05,90,64,13.96,SE,1732663630
127,san patricio,28.017,-97.5169,69.75,52,76,3.42,US,1732663630
128,klyuchi,52.2667,79.1667,8.94,94,24,4.0,RU,1732663631
129,las palmas,28.4204,-14.0131,65.19,77,0,6.91,ES,1732663631
130,al abyar,32.19,20.5965,53.56,73,39,5.06,LY,1732663631
131,watford city,47.8022,-103.2832,19.26,86,100,6.91,US,1732663631
132,whitehorse,60.7161,-135.0538,15.1,85,75,2.3,CA,1732663500
133,coquimbo,-29.9533,-71.3436,62.33,70,0,12.66,CL,1732663444
134,luderitz,-26.6481,15.1594,58.77,69,49,20.89,NA,1732663631
135,novodvinsk,64.4165,40.8122,38.95,91,100,9.78,RU,1732663631
136,harper,4.375,-7.7169,78.33,85,25,8.72,LR,1732663631
137,hermanus,-34.4187,19.2345,56.8,73,69,17.07,ZA,1732663631
138,levoca,49.0217,20.5921,37.04,88,99,2.82,SK,1732663558
139,fale old settlement,-9.3852,-171.2468,83.21,75,74,14.74,TK,1732663632
140,vernon,50.2581,-119.2691,35.13,65,98,3.44,CA,1732663632
141,vasil'yevo,55.836,48.6582,29.95,67,0,2.35,RU,1732663632
142,rio grande,-32.035,-52.0986,71.89,95,95,4.27,BR,1732663423
143,leticia,-4.2153,-69.9406,80.58,100,40,3.0,CO,1732663692
144,same,-4.0667,37.7333,68.95,90,26,2.98,TZ,1732663693
145,rockport,28.0206,-97.0544,68.04,70,0,8.05,US,1732663595
146,satun,6.8333,100.0,74.59,98,100,2.46,TH,1732663693
147,st. john's,47.5649,-52.7093,41.79,96,100,12.66,CA,1732663407
148,lampang,18.3333,99.5,71.51,94,0,0.0,TH,1732663458
149,sittwe,20.15,92.9,68.63,69,91,8.05,MM,1732663693
150,prince george,53.9166,-122.753,15.3,89,100,6.91,CA,1732663555
151,chonchi,-42.6128,-73.8092,51.12,81,64,3.06,CL,1732663693
152,gadzhiyevo,69.2551,33.3362,24.3,81,75,20.31,RU,1732663694
153,hithadhoo,-0.6,73.0833,83.1,73,60,20.29,MV,1732663694
154,cooper's town,26.8667,-77.5167,71.2,74,0,10.31,BS,1732663694
155,wynyard,-41.0,145.7167,61.2,98,100,11.99,AU,1732663416
156,bairnsdale,-37.8333,147.6167,69.12,85,100,1.99,AU,1732663694
157,punta arenas,-53.15,-70.9167,48.31,76,0,10.36,CL,1732663694
158,puerto aysen,-45.4,-72.7,51.31,98,100,2.55,CL,1732663694
159,bel ombre,-4.6167,55.4167,80.44,78,20,2.3,SC,1732663694
160,griffith,41.5284,-87.4237,35.56,59,0,6.91,US,1732663694
161,bardai,11.65,7.2333,63.9,30,20,8.01,NG,1732663694
162,ust'-kut,56.7938,105.7672,11.88,97,100,4.12,RU,1732663694
163,rabo de peixe,37.8,-25.5833,67.51,99,75,20.71,PT,1732663694
164,santa ana,33.7456,-117.8678,69.91,71,100,10.36,US,1732663695
165,tura,25.5198,90.2201,59.11,87,1,4.16,IN,1732663695
166,thinadhoo,0.5333,72.9333,82.31,79,100,18.41,MV,1732663695
167,akureyri,65.6835,-18.0878,39.13,65,40,16.11,IS,1732663695
168,yashkul',46.1711,45.3435,41.58,71,100,8.3,RU,1732663695
169,la sarre,48.8002,-79.1996,31.41,99,100,7.65,CA,1732663695
170,ushuaia,-54.8,-68.3,49.66,57,0,21.85,AR,1732663547
171,luanco,43.6152,-5.7934,54.86,74,35,5.23,ES,1732663695
172,sharjah,25.3573,55.4033,76.98,83,0,4.61,AE,1732663695
173,port lincoln,-34.7333,135.8667,63.97,75,52,30.33,AU,1732663695
174,yuzhno-kurilsk,44.0306,145.8556,43.84,91,100,26.24,RU,1732663695
175,vadso,70.0744,29.7487,30.36,74,0,26.46,NO,1732663696
176,petropavlovsk-kamchatsky,53.0452,158.6483,39.79,42,20,17.9,RU,1732663696
177,nuriootpa,-34.4833,139.0,62.42,64,10,23.13,AU,1732663696
178,island harbour,50.724,-1.2758,49.98,74,100,7.0,GB,1732663696
179,hawaiian paradise park,19.5933,-154.9731,80.89,78,75,12.66,US,1732663696
180,nynashamn,58.9034,17.9479,42.44,96,100,13.89,SE,1732663515
181,nuuk,64.1835,-51.7216,20.01,68,9,23.02,GL,1732663696
182,queenstown,-31.8976,26.8753,58.21,85,100,5.5,ZA,1732663696
183,sandy,40.572,-111.8606,42.28,84,100,15.01,US,1732663592
184,ambatofinandrahana,-20.55,46.8,65.84,79,95,1.77,MG,1732663697
185,oranjemund,-28.55,16.4333,57.76,89,5,8.25,NA,1732663697
186,jevargi,17.0167,76.7667,62.28,59,79,7.92,IN,1732663697
187,enewetak,11.3474,162.3373,82.72,84,98,20.71,MH,1732663697
188,severo-yeniseyskiy,60.3725,93.0408,18.91,93,100,10.45,RU,1732663757
189,dhidhdhoo,6.8833,73.1,82.83,69,97,10.89,MV,1732663757
190,north bend,43.4065,-124.2243,54.25,82,40,6.91,US,1732663758
191,saudarkrokur,65.7461,-19.6394,36.0,83,95,20.54,IS,1732663758
192,mili,6.0815,171.735,81.93,80,100,12.48,MH,1732663758
193,kavieng,-2.5744,150.7967,85.86,73,97,15.59,PG,1732663758
194,whakatane,-37.9585,176.9854,72.72,48,78,7.65,NZ,1732663758
195,yoloten,37.2989,62.3597,57.9,39,0,9.15,TM,1732663758
196,papao,-17.75,-149.55,83.88,77,52,12.71,PF,1732663759
197,howard springs,-12.497,131.047,87.87,77,51,5.55,AU,1732663759
198,dalcahue,-42.3628,-73.7022,50.2,87,100,3.44,CL,1732663759
199,egersund,58.4513,5.9997,45.48,80,72,20.71,NO,1732663759
200,peace river,56.2501,-117.286,10.71,92,100,6.91,CA,1732663759
201,las khorey,11.1595,48.1967,78.28,75,3,5.06,SO,1732663760
202,wailua homesteads,22.0669,-159.378,81.12,71,0,14.97,US,1732663760
203,galesong,-5.3166,119.3661,80.96,81,100,6.08,ID,1732663760
204,olyokminsk,60.3736,120.4264,-18.08,99,93,3.47,RU,1732663760
205,kapa'a,22.0752,-159.319,82.47,70,0,14.97,US,1732663760
206,acarau,-2.8856,-40.12,79.84,78,3,16.11,BR,1732663760
207,minusinsk,53.7103,91.6875,12.22,81,8,2.39,RU,1732663500
208,starkville,33.4504,-88.8184,53.26,87,40,0.0,US,1732663761
209,susuman,62.7833,148.1667,-33.81,97,60,1.21,RU,1732663761
210,bang saphan,11.2126,99.5117,76.24,85,100,3.58,TH,1732663761
211,sao joao da barra,-21.6403,-41.0511,74.19,80,5,19.39,BR,1732663761
212,avarua,-21.2078,-159.775,78.85,73,75,11.5,CK,1732663761
213,nova sintra,14.8667,-24.7167,78.24,77,1,12.55,CV,1732663761
214,yambio,4.5721,28.3955,68.81,94,93,3.29,SS,1732663761
215,zeya,53.75,127.2667,19.45,85,100,7.83,RU,1732663761
216,mhangura,-16.8939,30.1683,69.04,82,100,4.16,ZW,1732663761
217,bocanda,7.0626,-4.4995,74.75,41,69,4.23,CI,1732663762
218,utrik,11.2278,169.8474,82.78,80,98,21.03,MH,1732663762
219,floro,61.5996,5.0328,40.96,70,32,6.91,NO,1732663762
220,show low,34.2542,-110.0298,55.69,49,0,14.97,US,1732663731
221,lerwick,60.1545,-1.1494,41.13,69,98,10.33,GB,1732663560
222,holualoa,19.6228,-155.9522,80.44,64,20,18.41,US,1732663762
223,borzya,50.3833,116.5167,3.09,72,100,15.64,RU,1732663762
224,bomadi,5.1593,5.9252,77.86,86,93,3.74,NG,1732663762
225,kourou,5.1552,-52.6478,79.16,84,79,9.69,GF,1732663568
226,sao felix do xingu,-6.6447,-51.995,73.76,92,100,3.04,BR,1732663763
227,bandon,51.7469,-8.7425,42.39,91,55,6.67,IE,1732663763
228,moose jaw,50.4001,-105.5344,5.25,92,98,11.5,CA,1732663621
229,embi,48.8264,58.1442,30.61,69,0,7.25,KZ,1732663763
230,makassar,-5.14,119.4221,78.85,94,20,3.44,ID,1732663763
231,tralee,52.2704,-9.7026,36.48,93,0,4.65,IE,1732663763
232,quellon,-43.1167,-73.6167,53.1,81,80,2.66,CL,1732663763
233,massawa,15.6097,39.45,83.79,62,17,4.25,ER,1732663763
234,castillos,-34.1667,-53.8333,66.85,98,80,8.9,UY,1732663764
235,kerikeri,-35.2268,173.9474,69.67,62,31,1.99,NZ,1732663764
236,selfoss,63.9331,-20.9971,33.28,92,100,4.83,IS,1732663764
237,west island,-12.1568,96.8225,80.58,94,100,12.66,CC,1732663824
238,nyurba,63.2842,118.3319,-8.14,96,61,7.54,RU,1732663824
239,san borja,-14.8167,-66.85,85.14,61,100,4.92,BO,1732663824
240,itatiaia,-22.4961,-44.5633,70.7,81,71,1.28,BR,1732663824
241,shakhtersk,48.0625,38.5167,34.92,70,100,4.92,UA,1732663824
242,murun-kuren,49.6342,100.1625,12.99,77,90,4.99,MN,1732663824
243,taoudenni,22.6783,-3.9836,70.48,27,12,10.47,ML,1732663824
244,kulhudhuffushi,6.6221,73.07,82.71,69,94,9.4,MV,1732663825
245,paraiso,9.8383,-83.8656,68.41,99,93,3.85,CR,1732663825
246,remire-montjoly,4.9167,-52.2667,82.44,74,0,5.75,GF,1732663825
247,lamu,-2.2717,40.902,79.41,86,23,7.16,KE,1732663825
248,labrador city,52.9463,-66.9114,27.18,96,100,9.22,CA,1732663813
249,chubek,37.6137,69.7061,52.99,34,10,3.89,TJ,1732663825
250,baruun-urt,46.6806,113.2792,8.42,70,29,13.51,MN,1732663825
251,keflavik,64.0049,-22.5624,39.63,87,75,16.11,IS,1732663825
252,nabire,-3.3667,135.4833,85.48,67,79,1.97,ID,1732663825
253,kailua-kona,19.6406,-155.9956,84.56,63,20,18.41,US,1732663825
254,dubbo,-32.25,148.6167,84.33,45,20,14.97,AU,1732663825
255,bamboo flat,11.7,92.7167,80.69,83,75,2.3,IN,1732663825
256,dunedin,-45.8742,170.5036,53.8,96,100,5.99,NZ,1732663825
257,kristinestad,62.2743,21.376,41.41,95,100,7.74,FI,1732663826
258,sotouboua,8.5667,0.9833,72.14,28,1,2.37,TG,1732663826
259,ujae,8.9322,165.7642,79.63,87,100,18.57,MH,1732663826
260,camapua,-19.5314,-54.0439,80.02,59,65,3.24,BR,1732663826
261,buala,-8.145,159.5921,82.06,81,99,9.53,SB,1732663826
262,bhopal,23.2667,77.4,60.44,40,74,3.04,IN,1732663684
263,grand falls-windsor,48.9332,-55.6649,38.5,94,100,3.0,CA,1732663826
264,tsiombe,-25.3,45.4833,75.76,75,74,4.94,MG,1732663826
265,villa rica,33.7321,-84.9191,51.62,88,10,4.83,US,1732663826
266,karratha,-20.7377,116.8463,83.66,51,90,4.85,AU,1732663826
267,taulaga,-11.0553,-171.0883,82.81,77,56,10.67,AS,1732663827
268,vanino,49.0869,140.2543,32.18,100,100,13.2,RU,1732663827
269,qaqortoq,60.7167,-46.0333,13.78,76,10,4.54,GL,1732663827
270,northam,51.0333,-4.2167,44.62,94,100,16.46,GB,1732663827
271,mount isa,-20.7333,139.5,80.37,74,75,3.44,AU,1732663827
272,adzope,6.1069,-3.8619,73.4,94,40,2.51,CI,1732663827
273,brookings,44.3114,-96.7984,24.19,73,0,11.5,US,1732663827
274,palikir - national government center,6.9248,158.1611,86.85,74,75,16.11,FM,1732663827
275,sur,22.5667,59.5289,75.43,69,0,7.2,OM,1732663827
276,port augusta,-32.5,137.7667,72.19,42,14,19.13,AU,1732663827
277,aripuana,-9.1667,-60.6333,74.08,99,96,4.7,BR,1732663828
278,sun city west,33.662,-112.3413,76.84,29,75,4.61,US,1732663828
279,saint-philippe,-21.3585,55.7679,74.1,86,54,12.53,RE,1732663828
280,kirensk,57.7853,108.1119,8.69,96,100,6.04,RU,1732663828
281,tabuk,17.4189,121.4443,75.63,88,79,2.62,PH,1732663828
282,vikhorevka,56.1201,101.1636,18.79,92,100,7.02,RU,1732663828
283,burutu,5.3509,5.5076,79.7,80,83,5.28,NG,1732663889
284,chinchilla,-26.75,150.6333,78.03,69,79,3.0,AU,1732663889
285,nova vicosa,-17.8919,-39.3719,73.83,71,88,6.71,BR,1732663889
286,fisterra,42.9049,-9.2629,60.26,86,100,23.78,ES,1732663889
287,nagqu,31.5,92.0,15.48,30,52,3.06,CN,1732663890
288,lewistown,40.5992,-77.5714,45.16,61,0,6.91,US,1732663890
289,amga,60.8953,131.9608,-24.97,100,61,1.12,RU,1732663890
290,ar ruways,24.1103,52.7306,76.32,57,15,8.34,AE,1732663890
291,tezu,27.9167,96.1667,60.39,47,82,4.27,IN,1732663890
292,tamalous,36.8376,6.6402,60.64,59,95,2.59,DZ,1732663890
293,kabansk,52.0486,106.6528,14.0,92,95,4.43,RU,1732663890
294,okha,53.5739,142.9478,29.55,78,100,16.89,RU,1732663891
295,preobrazheniye,42.9019,133.9064,36.36,74,75,9.73,RU,1732663891
296,nar'yan-mar,67.6713,53.087,36.61,98,100,25.93,RU,1732663891
297,bluefields,12.0137,-83.7635,80.67,89,40,4.61,NI,1732663891
298,hanceville,34.0607,-86.7675,53.2,59,9,3.74,US,1732663891
299,madalena,41.2162,-8.3345,53.55,81,88,3.06,PT,1732663891
300,shingu,33.7333,135.9833,54.28,78,85,6.35,JP,1732663891
301,bamyan,34.75,67.25,26.06,57,0,1.88,AF,1732663891
302,dudinka,69.4058,86.1778,29.91,86,99,18.19,RU,1732663891
303,ballina,-28.8667,153.5667,78.3,74,19,13.62,AU,1732663891
304,lagoa,39.05,-27.9833,66.83,80,97,23.89,PT,1732663891
305,tymovskoye,50.8456,142.655,21.87,86,100,3.89,RU,1732663892
306,tazacorte,28.629,-17.9293,67.17,79,100,9.22,ES,1732663892
307,wolgast,54.05,13.7667,41.86,100,86,11.92,DE,1732663892
308,kudahuvadhoo,2.6708,72.8944,82.11,77,100,11.86,MV,1732663892
309,gejiu,23.306,103.1635,49.01,94,100,3.36,CN,1732663892
310,salalah,17.0151,54.0924,78.89,73,20,2.3,OM,1732663892
311,khorixas,-20.3667,14.9667,60.89,53,0,6.53,NA,1732663893
312,lompoc,34.6391,-120.4579,61.7,90,100,6.91,US,1732663893
313,fort st. john,56.2499,-120.8529,12.09,73,20,5.75,CA,1732663893
314,kruisfontein,-34.0033,24.7314,58.77,73,70,22.79,ZA,1732663893
315,kapuskasing,49.4169,-82.4331,30.29,100,100,10.36,CA,1732663893
316,ceeldheer,3.8488,47.1806,79.36,84,30,9.82,SO,1732663893
317,moissala,8.3404,17.7663,69.26,32,61,4.9,TD,1732663893
318,nurota,40.5614,65.6886,49.26,44,3,3.09,UZ,1732663893
319,tabou,4.423,-7.3528,77.97,85,13,7.29,CI,1732663894
320,broken hill,-31.95,141.4333,75.2,47,16,18.88,AU,1732663894
321,tutoia,-2.7619,-42.2744,80.19,82,5,13.94,BR,1732663894
322,guerrero negro,27.9769,-114.0611,65.8,71,83,12.93,MX,1732663894
323,port douglas,-16.4833,145.4667,82.26,66,53,6.64,AU,1732663894
324,castro,-24.7911,-50.0119,70.07,65,59,4.27,BR,1732663894
325,prymors'k,46.7348,36.3443,37.99,85,100,5.46,UA,1732663894
326,seven pagodas,12.6264,80.1722,77.36,83,100,20.92,IN,1732663895
327,minas de marcona,-15.2119,-75.1103,58.82,79,25,12.71,PE,1732663895
328,al muwayh,22.4333,41.7583,68.34,69,1,6.08,SA,1732663895
329,bengkulu,-3.8004,102.2655,77.0,83,100,9.31,ID,1732663806
330,argenta,44.6124,11.8356,45.91,92,100,3.13,IT,1732663793
331,kill devil hills,36.0307,-75.676,59.99,97,75,0.0,US,1732663895
332,vilyuchinsk,52.9306,158.4028,41.27,73,62,9.53,RU,1732663955
333,palmer,42.1584,-72.3287,39.15,96,20,0.0,US,1732663955
334,weno,7.4515,151.8468,85.95,79,100,5.75,FM,1732663955
335,north liberty,41.7492,-91.598,36.77,61,40,5.75,US,1732663955
336,norilsk,69.3535,88.2027,29.32,90,100,20.36,RU,1732663955
337,genhe,50.7833,121.5167,13.53,88,100,9.06,CN,1732663955
338,woodland park,40.8898,-74.1949,53.98,57,0,8.05,US,1732663956
339,hastings,50.8552,0.5729,49.78,63,100,10.78,GB,1732663760
340,uturoa,-16.7333,-151.4333,80.69,78,82,12.21,PF,1732663956
341,kavaratti,10.5669,72.642,82.4,67,100,10.92,IN,1732663956
342,kralendijk,12.15,-68.2667,84.18,74,20,12.66,BQ,1732663956
343,new norfolk,-42.7826,147.0587,67.91,83,100,2.08,AU,1732663956
344,kakching,24.4833,93.9833,51.19,97,73,0.78,IN,1732663956
345,happy valley-goose bay,53.3168,-60.3315,32.31,93,100,2.3,CA,1732663690
346,luanda,-8.8368,13.2343,78.8,83,75,5.75,AO,1732663956
347,cacapava do sul,-30.5122,-53.4914,68.85,93,100,0.6,BR,1732663956
348,vuktyl,63.8567,57.3094,34.83,92,100,15.95,RU,1732663956
349,sao vicente,-23.9631,-46.3919,78.94,26,25,5.99,BR,1732663957
350,winschoten,53.1442,7.0347,40.98,97,2,6.87,NL,1732663802
351,howrah,22.5892,88.3103,66.2,77,64,0.0,IN,1732663881
352,arkhangel'sk,64.5401,40.5433,39.31,100,100,11.18,RU,1732663957
353,singaraja,-8.112,115.0882,83.8,77,100,0.89,ID,1732663957
354,mandera,3.9366,41.867,84.7,53,54,7.87,KE,1732663957
355,gamba,-2.65,10.0,74.86,91,100,4.12,GA,1732663957
356,mitu,1.1983,-70.1733,72.64,90,93,1.81,CO,1732663680
357,maddagiri,13.6606,77.2092,65.93,89,100,6.11,IN,1732663957
358,east london,-33.0153,27.9116,63.39,87,100,15.43,ZA,1732663794
359,mtambile,-5.3833,39.7,77.47,77,56,2.95,TZ,1732663957
360,mammoth lakes,37.6485,-118.9721,32.81,64,100,7.49,US,1732663957
361,viedma,-40.8135,-62.9967,62.37,22,2,7.34,AR,1732663958
362,bandarbeyla,9.4942,50.8122,79.0,77,35,16.91,SO,1732663958
363,vila franca do campo,37.7167,-25.4333,68.41,99,40,18.84,PT,1732663958
364,tidjikja,18.5564,-11.4271,73.0,14,46,11.7,MR,1732663958
365,tuzlukcu,38.4778,31.6264,23.38,93,79,3.33,TR,1732663958
366,mount pearl,47.5166,-52.7813,40.96,97,100,12.66,CA,1732663924
367,carahue,-38.7,-73.1667,48.47,88,17,3.36,CL,1732663958
368,rongelap,11.1635,166.8941,83.07,80,99,18.86,MH,1732663958
369,le blanc,46.6667,1.1667,47.8,94,90,7.49,FR,1732663958
370,rio branco,-9.9747,-67.81,83.01,83,40,3.44,BR,1732663715
371,waiuku,-37.25,174.75,67.66,61,49,9.42,NZ,1732663958
372,aldama,22.9167,-98.0667,69.33,75,4,5.95,MX,1732663959
373,rikaze,29.25,88.8833,24.71,67,0,4.12,CN,1732663959
374,shimoda,34.6667,138.95,64.06,84,58,17.2,JP,1732663959
375,samdrup jongkhar,26.9167,91.6167,47.64,60,15,5.68,BT,1732663959
376,beau vallon,-20.4189,57.6953,73.63,88,75,17.27,MU,1732663959
377,ca mau,9.1769,105.15,77.02,88,100,5.64,VN,1732663959
378,loango,-4.6719,11.8312,75.99,90,100,3.74,CG,1732663959
379,labytnangi,66.6572,66.4183,34.29,99,100,20.15,RU,1732663959
380,michigan city,41.7075,-86.895,36.1,63,0,9.22,US,1732663959
381,kirakira,-10.4544,161.9205,82.51,81,100,7.0,SB,1732664019
382,manta,-0.95,-80.7333,76.78,78,40,5.75,EC,1732664019
383,mount gambier,-37.8333,140.7667,66.13,58,88,10.27,AU,1732664020
384,amos,48.5669,-78.1162,30.2,97,100,7.49,CA,1732664020
385,sechura,-5.5569,-80.8222,69.44,71,9,16.89,PE,1732664020
386,mirnyy,62.5353,113.9611,5.83,94,99,10.25,RU,1732663876
387,tomelloso,39.1522,-3.0243,46.36,73,91,4.61,ES,1732664020
388,canar,-2.55,-78.9333,50.38,95,92,1.3,EC,1732664020
389,constitucion,-35.3333,-72.4167,54.55,79,4,13.56,CL,1732664020
390,cockburn town,21.4612,-71.1419,80.31,82,100,20.6,TC,1732664020
391,arteche,12.2645,125.4048,80.89,86,29,9.89,PH,1732664020
392,yorkton,51.2167,-102.4677,-5.96,84,100,2.3,CA,1732663802
393,cabedelo,-6.9811,-34.8339,79.47,77,82,9.48,BR,1732664021
394,ikryanoye,46.0932,47.7308,37.38,81,100,9.91,RU,1732664021
395,aguilares,-27.4338,-65.6143,76.62,81,78,4.63,AR,1732663981
396,ariquemes,-9.9133,-63.0408,76.95,88,92,2.37,BR,1732664021
397,ust'-ordynskiy,52.805,104.7508,14.2,96,80,4.27,RU,1732664021
398,longyearbyen,78.2186,15.6401,13.84,85,100,26.46,SJ,1732663850
399,bu'aale,1.0833,42.5833,76.32,87,84,4.63,SO,1732664021
400,kupang,-10.1667,123.5833,86.58,84,20,4.61,ID,1732664020
401,beloyarskiy,63.7119,66.6722,36.48,81,97,16.22,RU,1732664021
402,tubarjal,30.4999,38.216,44.8,60,3,8.43,SA,1732664021
403,colonia,50.9333,6.95,45.95,85,75,8.05,DE,1732664022
404,caluula,11.9661,50.7569,79.7,70,32,10.45,SO,1732664022
405,byron bay,-28.65,153.6167,78.31,74,43,12.37,AU,1732664022
406,bridgewater,44.3835,-64.5155,43.11,89,100,6.91,CA,1732664022
407,qinnan,33.2531,119.9133,40.24,49,0,15.48,CN,1732664022
408,lazaro cardenas,17.9583,-102.2,80.04,71,0,6.62,MX,1732664022
409,manaure,11.7751,-72.4445,84.34,70,76,4.25,CO,1732664022
410,hobyo,5.3505,48.5268,80.01,82,25,12.39,SO,1732664022
411,muisne,0.6,-80.0333,74.05,81,79,10.33,EC,1732664022
412,las trojes,14.0667,-85.9833,68.13,93,84,2.82,HN,1732664022
413,ta`u,-14.2336,-169.5144,81.9,80,26,16.26,AS,1732664022
414,tetiiv,49.3767,29.6647,23.58,83,13,4.92,UA,1732664023
415,chernyshevskiy,63.0128,112.4714,8.44,94,100,9.31,RU,1732664023
416,kigoma,-4.8769,29.6267,66.79,100,75,2.3,TZ,1732664023
417,bartica,6.4,-58.6167,75.34,91,20,2.24,GY,1732664023
418,pago pago,-14.2781,-170.7025,85.19,79,75,13.8,AS,1732664023
419,general conesa,-40.1,-64.4333,72.25,11,0,8.48,AR,1732664023
420,richards bay,-28.783,32.0377,72.79,93,62,5.08,ZA,1732664023
421,okhotsk,59.3833,143.3,3.6,75,20,7.16,RU,1732664023
422,brisas de zicatela,15.8369,-97.0419,82.92,78,20,0.0,MX,1732664023
423,zheleznogorsk-ilimskiy,56.5768,104.1217,13.69,96,100,6.91,RU,1732664023
424,opuwo,-18.0607,13.84,66.31,35,2,6.42,NA,1732664023
425,lagonoy,13.7342,123.5207,80.96,83,70,3.38,PH,1732664024
426,rusape,-18.5278,32.1284,64.56,91,97,7.36,ZW,1732664024
427,oriximina,-1.7656,-55.8661,76.39,88,95,4.29,BR,1732664024
428,posto fiscal rolim de moura,-13.0833,-62.2667,74.41,95,82,2.48,BR,1732664024
429,jinchang,38.4953,102.1739,25.0,41,0,6.29,CN,1732664024
430,adrar,20.5022,-10.0711,70.72,21,66,10.33,MR,1732664084
431,santiago,-33.4569,-70.6483,71.42,40,0,19.57,CL,1732664062
432,tahoua,14.8888,5.2692,68.18,25,60,10.92,NE,1732664011
433,lebu,-37.6167,-73.65,53.51,75,3,6.24,CL,1732664084
434,athni,16.7333,75.0667,63.99,51,96,9.04,IN,1732664084
435,agat village,13.3886,144.6585,85.75,80,40,18.41,GU,1732664084
436,hirara,24.8,125.2833,69.66,73,40,21.85,JP,1732664085
437,nemuro,43.3236,145.575,47.21,93,100,35.03,JP,1732664085
438,baissa,7.2333,10.6333,70.39,39,1,1.74,NG,1732664085
439,portland,45.5234,-122.6762,47.08,92,100,5.01,US,1732664050
440,pathein,16.7833,94.7333,69.71,74,93,7.0,MM,1732664085
441,kingston,17.997,-76.7936,76.15,94,100,8.05,JM,1732663876
442,galliano,29.4422,-90.2992,66.2,88,100,4.61,US,1732664085
443,narayanganj,23.6233,90.5011,66.22,73,88,4.61,BD,1732664085
444,paulden,34.8856,-112.4682,62.78,44,100,8.01,US,1732664085
445,twon-brass,4.3151,6.2418,80.47,79,69,8.43,NG,1732664085
446,lamin,13.3522,-16.4339,73.51,68,0,6.13,GM,1732664085
447,salto,-31.3833,-57.9667,75.87,86,62,4.0,UY,1732663917
448,santa cruz,-17.8,-63.1667,82.45,74,100,11.5,BO,1732664086
449,waingapu,-9.6567,120.2641,85.03,68,76,4.88,ID,1732664086
450,ketchikan,55.3422,-131.6461,37.38,93,100,4.61,US,1732664086
451,kokstad,-30.5472,29.4241,62.02,90,99,2.15,ZA,1732664086
452,qusmuryn,52.4503,64.6311,11.79,93,15,4.23,KZ,1732664086
453,port saint john's,-31.6229,29.5448,69.4,94,95,10.87,ZA,1732664053
454,taro,-8.3862,115.28,76.93,80,100,0.49,ID,1732664086
455,touros,-5.1989,-35.4608,77.72,75,10,12.15,BR,1732664086
456,al bayda,32.7627,21.7551,51.57,73,58,8.52,LY,1732664086
457,tra mhor,52.1624,-7.1524,41.74,93,100,5.99,IE,1732664087
458,manokwari,-0.8667,134.0833,83.53,69,73,4.0,ID,1732664087
459,nizhnyaya tavda,57.6731,66.1725,23.56,86,5,6.35,RU,1732664087
460,okahandja,-21.9833,16.9167,67.46,35,3,7.61,NA,1732664087
461,mil'kovo,55.6078,37.7956,22.51,61,5,4.54,RU,1732664087
462,erdenet,49.0333,104.0833,10.0,79,75,4.27,MN,1732664087
463,pocone,-16.2567,-56.6228,78.51,81,88,6.44,BR,1732664087
464,lodja,-3.4833,23.4333,67.68,100,100,1.25,CD,1732664087
465,rawson,-43.3002,-65.1023,61.09,63,0,6.91,AR,1732664087
466,smithers,54.7804,-127.1743,16.12,73,40,3.44,CA,1732664087
467,sysert',56.4953,60.8192,8.58,86,5,1.99,RU,1732664087
468,almeirim,-1.5233,-52.5817,77.94,74,97,3.51,BR,1732664088
469,melfort,52.8667,-104.6177,-7.47,84,28,2.3,CA,1732664088
470,akhaltsikhe,41.639,42.9826,33.19,97,100,4.74,GE,1732664088
471,sumberpucung,-8.1586,112.4829,78.42,84,56,1.54,ID,1732664088
472,fredericton,45.9454,-66.6656,39.36,96,75,6.91,CA,1732663809
473,alakurtti,66.9672,30.3491,21.07,96,32,3.42,RU,1732664088
474,wauseon,41.5492,-84.1416,37.08,72,0,11.5,US,1732663874
475,pons,45.5799,-0.5478,46.35,93,0,3.44,FR,1732664089
476,lisala,2.15,21.5167,71.08,85,100,2.55,CD,1732664089
477,tavda,58.0425,65.2726,23.68,84,5,5.5,RU,1732664089
478,tindouf,27.6711,-8.1474,68.45,30,0,5.75,DZ,1732664089
479,moramanga,-18.9333,48.2,61.38,98,22,0.63,MG,1732664149
480,luena,-11.7833,19.9167,62.92,93,91,3.31,AO,1732664149
481,sihanoukville,10.6093,103.5296,76.95,83,20,3.44,KH,1732664149
482,vyazemskiy,47.5378,134.7525,29.3,77,100,8.5,RU,1732664149
483,gbadolite,4.2833,21.0167,70.83,62,83,1.9,CD,1732664150
484,letlhakeng,-24.0944,25.0298,76.23,47,50,8.41,BW,1732664150
485,polyarnyy,69.1989,33.4478,23.74,79,58,16.91,RU,1732664150
486,inga,-7.2808,-35.6044,73.13,80,71,5.01,BR,1732664150
487,sola,-13.8833,167.55,82.35,76,70,8.46,VU,1732664150
488,greenville,35.6127,-77.3663,59.14,99,100,0.0,US,1732664024
489,argo,37.6333,22.7333,49.89,69,7,3.94,GR,1732664150
490,kuhmo,64.1333,29.5167,37.44,97,100,6.73,FI,1732664150
491,stephenville,32.2207,-98.2023,60.93,47,0,5.75,US,1732664150
492,nueva gerona,21.8833,-82.8,77.36,79,1,12.71,CU,1732664150
493,vorkuta,67.5,64.0,33.62,98,100,24.23,RU,1732664150
494,alhama de granada,37.0069,-3.9896,52.36,86,99,4.07,ES,1732664151
495,osh,40.5151,72.8083,38.05,65,2,6.71,KG,1732664151
496,bangor,54.6534,-5.669,34.09,100,7,2.3,GB,1732664151
497,zemetchino,53.4973,42.6163,24.55,91,9,2.64,RU,1732664151
498,boden,65.8252,21.6886,21.42,94,9,3.27,SE,1732664151
499,bafq,31.6128,55.4107,64.09,41,43,10.98,IR,1732664151
500,tucumcari,35.1717,-103.725,66.04,32,0,27.63,US,1732664151
501,rudbar,30.15,62.6,62.6,31,5,0.96,AF,1732664151
502,porto seguro,-16.4497,-39.0647,77.52,83,75,8.05,BR,1732663922
503,villa emilio carranza,19.9667,-96.6,72.97,81,4,1.72,MX,1732664151
504,kargasok,59.0556,80.8572,28.44,67,99,13.94,RU,1732664152
505,jaguarari,-10.2639,-40.1958,70.11,86,95,5.46,BR,1732663983
506,alamosa,37.4695,-105.87,48.18,49,100,18.41,US,1732664152
507,avanigadda,16.0215,80.9181,70.95,78,95,4.52,IN,1732664152
508,narvik,68.4384,17.4272,31.26,76,99,9.6,NO,1732664152
509,bundaberg,-24.85,152.35,82.04,66,27,9.91,AU,1732664152
510,igarka,67.4667,86.5833,24.4,93,100,12.73,RU,1732664152
511,hadibu,12.65,54.0333,77.59,69,48,9.6,YE,1732664152
512,port moresby,-9.4431,147.1797,87.22,70,40,3.44,PG,1732664152
513,arawa,-6.2132,155.5367,79.56,91,100,5.3,PG,1732664152
514,sabinopolis,-18.6661,-43.0839,66.31,85,96,3.4,BR,1732664153
515,myeik,12.4333,98.6,77.86,80,100,5.23,MM,1732664153
516,magadan,59.5667,150.8,11.08,60,0,5.75,RU,1732664153
517,belton,38.812,-94.5319,42.8,59,0,6.91,US,1732664153
518,ambalangoda,6.2355,80.0538,79.99,87,100,21.34,LK,1732664153
519,maturin,9.75,-63.1767,82.24,100,9,6.91,VE,1732663910
520,ugep,5.8086,8.0812,71.85,83,14,3.31,NG,1732664153
521,maceio,-9.6658,-35.7353,76.44,88,0,5.75,BR,1732664048
522,tokar,18.4254,37.729,79.5,75,60,12.91,SD,1732664153
523,praia da vitoria,38.7333,-27.0667,70.05,78,75,28.05,PT,1732664153
524,bady bassitt,-20.9181,-49.4453,88.0,33,20,2.3,BR,1732664153
525,dawson creek,55.7666,-120.2362,17.24,67,100,8.05,CA,1732664153
526,ylitornio,66.3089,23.6773,14.95,94,12,2.93,FI,1732664214
527,wuhu,31.3366,118.3755,45.19,53,4,14.79,CN,1732664214
528,amol,36.4696,52.3507,57.6,80,100,1.83,IR,1732664214
529,businga,3.3333,20.8833,70.68,81,87,2.3,CD,1732664214
530,yoichi,43.2039,140.7703,46.87,90,99,4.16,JP,1732664214
531,iquique,-20.2208,-70.1431,64.44,83,94,2.08,CL,1732664103
532,keren,15.7778,38.4581,69.13,66,9,0.69,ER,1732664214
533,mazar-e sharif,36.709,67.1109,55.49,37,0,2.46,AF,1732664215
534,estacion coahuila,32.1939,-115.0017,75.24,28,100,3.49,MX,1732664215
535,jiangyou,31.7667,104.7167,44.02,76,97,3.2,CN,1732664215
536,cill airne,52.05,-9.5167,36.64,91,7,2.59,IE,1732664215
537,necochea,-38.5473,-58.7368,63.0,90,57,1.92,AR,1732664013
538,qarazhal,48.0078,70.7903,22.8,79,1,7.43,KZ,1732664215
539,tarazona,41.9,-1.7333,44.53,72,86,1.86,ES,1732664215
540,torghay,49.6339,63.4981,28.96,74,0,7.2,KZ,1732664216
541,dzhambeyty,50.2536,52.595,31.55,75,5,8.43,KZ,1732664216
542,yaren,-0.5472,166.916,83.03,76,79,17.34,NR,1732664216
543,dazuocun,24.8862,118.9643,61.29,68,28,20.0,CN,1732664216
544,cachoeira do sul,-30.0392,-52.8939,71.94,78,100,2.24,BR,1732664216
545,nikol'sk,53.7189,46.0712,27.27,74,6,4.97,RU,1732664216
546,enterprise,36.0252,-115.2419,68.54,48,75,19.57,US,1732664216
547,christchurch,-43.5333,172.6333,68.32,75,100,18.99,NZ,1732663922
548,chos malal,-37.3781,-70.2709,63.32,29,1,11.41,AR,1732664217
549,la libertad,-2.2333,-80.9,73.06,83,40,11.43,EC,1732664217
550,espiye,40.9479,38.7115,43.9,77,96,8.99,TR,1732664217
551,usinsk,65.9939,57.5281,34.95,100,100,25.19,RU,1732664217
552,kemijarvi,66.7131,27.4306,24.35,97,29,1.34,FI,1732664217
553,amahai,-3.3333,128.9167,84.09,71,95,0.16,ID,1732664217
554,carnarvon,-24.8667,113.6333,79.27,29,1,20.6,AU,1732664007
555,hami,42.8,93.45,19.9,72,4,4.32,CN,1732664217
556,jaguaruna,-28.615,-49.0256,70.5,97,100,6.13,BR,1732664217
557,dundee,56.5,-2.9667,36.52,90,75,2.3,GB,1732664217
558,xiva,41.3783,60.3639,45.09,38,0,10.27,UZ,1732664218
559,alotau,-10.3069,150.4462,88.48,61,20,5.95,PG,1732664218
560,turkmenbasy,40.0222,52.9552,50.77,57,0,6.91,TM,1732664218
561,bugul'ma,54.55,52.8,23.34,78,32,1.21,RU,1732664218
562,kiama,-34.6833,150.8667,88.38,52,89,10.33,AU,1732664218
563,parkes,-33.1333,148.1833,80.35,48,100,6.29,AU,1732664218
564,siwa oasis,29.2041,25.5195,56.35,57,1,6.78,EG,1732664218
565,cabinda,-5.55,12.2,76.03,92,100,4.38,AO,1732664218
566,khandyga,62.6667,135.6,-16.49,98,96,1.95,RU,1732664219
567,newman,37.3138,-121.0208,59.04,77,100,1.99,US,1732664219
568,ishigaki,24.3448,124.1572,66.33,72,20,13.8,JP,1732664219
569,lauro de freitas,-12.8944,-38.3272,77.02,88,75,6.91,BR,1732663966
570,pakosc,52.8018,18.0853,39.97,100,32,6.93,PL,1732664219
571,san pedro pochutla,15.7333,-96.4667,83.91,85,0,3.62,MX,1732664219
572,baharly,38.4362,57.4316,57.43,46,10,6.85,TM,1732664220
573,tofol,5.3248,163.0078,78.58,89,100,2.3,FM,1732664280
574,sinabang,2.4803,96.3801,77.18,89,100,5.32,ID,1732664280
575,guli,28.8833,120.0333,46.31,71,4,1.99,CN,1732664280
576,piti village,13.4626,144.6933,86.05,78,40,18.41,GU,1732664280
577,flying fish cove,-10.4217,105.6791,82.18,76,72,2.39,CX,1732664280
578,wajir,1.7471,40.0573,80.08,73,55,13.69,KE,1732664280
579,cabo san lucas,22.8909,-109.9124,80.91,62,0,11.5,MX,1732664280
580,wagini,12.6878,7.1958,65.25,30,37,10.89,NG,1732664280
581,zaozersk,69.4005,32.4476,21.63,82,66,13.98,RU,1732664280
582,ponta delgada,37.7333,-25.6667,68.72,94,75,20.71,PT,1732664281
583,vredendal,-31.6683,18.5012,56.34,88,12,6.33,ZA,1732664281
584,duncan,34.5023,-97.9578,55.29,41,0,10.36,US,1732664281
585,callao,-12.0667,-77.15,66.49,82,75,12.66,PE,1732664206
